Boro,Facilities,PM 2.5
Manhattan,2.466936077,0
Bronx,5,0.545454546
Brooklyn,4.628337007,0.545454546
Queens,3.102498163,0.818181818
Staten Island,0,1