borough,speed,score
Bronx,34.005681,80
Brooklyn,35.481837,60
Manhattan,22.57245,20
Queens,38.132845,100
Staten Island,32.416321,40
